PRAGMA foreign_keys=OFF;
BEGIN TRANSACTION;
CREATE TABLE IF NOT EXISTS "django_migrations" ("id" integer NOT NULL PRIMARY KEY AUTOINCREMENT, "app" varchar(255) NOT NULL, "name" varchar(255) NOT NULL, "applied" datetime NOT NULL);
INSERT INTO django_migrations VALUES(1,'contenttypes','0001_initial','2023-03-19 09:32:34.259866');
INSERT INTO django_migrations VALUES(2,'auth','0001_initial','2023-03-19 09:32:34.294403');
INSERT INTO django_migrations VALUES(3,'admin','0001_initial','2023-03-19 09:32:34.322777');
INSERT INTO django_migrations VALUES(4,'admin','0002_logentry_remove_auto_add','2023-03-19 09:32:34.353280');
INSERT INTO django_migrations VALUES(5,'admin','0003_logentry_add_action_flag_choices','2023-03-19 09:32:34.394164');
INSERT INTO django_migrations VALUES(6,'contenttypes','0002_remove_content_type_name','2023-03-19 09:32:34.466541');
INSERT INTO django_migrations VALUES(7,'auth','0002_alter_permission_name_max_length','2023-03-19 09:32:34.509103');
INSERT INTO django_migrations VALUES(8,'auth','0003_alter_user_email_max_length','2023-03-19 09:32:34.550133');
INSERT INTO django_migrations VALUES(9,'auth','0004_alter_user_username_opts','2023-03-19 09:32:34.591502');
INSERT INTO django_migrations VALUES(10,'auth','0005_alter_user_last_login_null','2023-03-19 09:32:34.648068');
INSERT INTO django_migrations VALUES(11,'auth','0006_require_contenttypes_0002','2023-03-19 09:32:34.661753');
INSERT INTO django_migrations VALUES(12,'auth','0007_alter_validators_add_error_messages','2023-03-19 09:32:34.696745');
INSERT INTO django_migrations VALUES(13,'auth','0008_alter_user_username_max_length','2023-03-19 09:32:34.742736');
INSERT INTO django_migrations VALUES(14,'auth','0009_alter_user_last_name_max_length','2023-03-19 09:32:34.789839');
INSERT INTO django_migrations VALUES(15,'auth','0010_alter_group_name_max_length','2023-03-19 09:32:34.834406');
INSERT INTO django_migrations VALUES(16,'auth','0011_update_proxy_permissions','2023-03-19 09:32:34.873013');
INSERT INTO django_migrations VALUES(17,'auth','0012_alter_user_first_name_max_length','2023-03-19 09:32:34.915345');
INSERT INTO django_migrations VALUES(18,'sessions','0001_initial','2023-03-19 09:32:34.947499');
INSERT INTO django_migrations VALUES(19,'chat','0001_initial','2023-03-19 09:57:26.210965');
CREATE TABLE IF NOT EXISTS "auth_group_permissions" ("id" integer NOT NULL PRIMARY KEY AUTOINCREMENT, "group_id" integer NOT NULL REFERENCES "auth_group" ("id") DEFERRABLE INITIALLY DEFERRED, "permission_id" integer NOT NULL REFERENCES "auth_permission" ("id") DEFERRABLE INITIALLY DEFERRED);
CREATE TABLE IF NOT EXISTS "auth_user_groups" ("id" integer NOT NULL PRIMARY KEY AUTOINCREMENT, "user_id" integer NOT NULL REFERENCES "auth_user" ("id") DEFERRABLE INITIALLY DEFERRED, "group_id" integer NOT NULL REFERENCES "auth_group" ("id") DEFERRABLE INITIALLY DEFERRED);
CREATE TABLE IF NOT EXISTS "auth_user_user_permissions" ("id" integer NOT NULL PRIMARY KEY AUTOINCREMENT, "user_id" integer NOT NULL REFERENCES "auth_user" ("id") DEFERRABLE INITIALLY DEFERRED, "permission_id" integer NOT NULL REFERENCES "auth_permission" ("id") DEFERRABLE INITIALLY DEFERRED);
CREATE TABLE IF NOT EXISTS "django_admin_log" ("id" integer NOT NULL PRIMARY KEY AUTOINCREMENT, "object_id" text NULL, "object_repr" varchar(200) NOT NULL, "action_flag" smallint unsigned NOT NULL CHECK ("action_flag" >= 0), "change_message" text NOT NULL, "content_type_id" integer NULL REFERENCES "django_content_type" ("id") DEFERRABLE INITIALLY DEFERRED, "user_id" integer NOT NULL REFERENCES "auth_user" ("id") DEFERRABLE INITIALLY DEFERRED, "action_time" datetime NOT NULL);
INSERT INTO django_admin_log VALUES(1,'1251840b-b3ca-4104-9e14-ad1b27b84d55','Message object (1251840b-b3ca-4104-9e14-ad1b27b84d55)',1,'[{"added": {}}]',7,1,'2023-03-19 10:06:38.576787');
INSERT INTO django_admin_log VALUES(2,'14888b4f-6cca-4303-9a31-15949a97e704','admin                : Lorem ipsum dolor sit amet, consectetur adipiscing elit, sed do eiusmod tempor incididunt ut labore et dolore magna aliqua. Ut enim ad minim veniam, quis nostrud exercitation ul',1,'[{"added": {}}]',7,1,'2023-03-19 10:12:52.847707');
INSERT INTO django_admin_log VALUES(3,'f427a931-06c9-4340-b8e1-580fdefd3d28','admin : Hi!',1,'[{"added": {}}]',7,1,'2023-03-19 10:34:16.948174');
INSERT INTO django_admin_log VALUES(4,'2','Oksana',1,'[{"added": {}}]',4,1,'2023-03-19 10:43:00.129950');
INSERT INTO django_admin_log VALUES(5,'8c094049-08e7-4aa1-b4d3-b03f2944f6b2','Oksana : Hi, I''m Oksana!',1,'[{"added": {}}]',7,1,'2023-03-19 10:44:24.353547');
CREATE TABLE IF NOT EXISTS "django_content_type" ("id" integer NOT NULL PRIMARY KEY AUTOINCREMENT, "app_label" varchar(100) NOT NULL, "model" varchar(100) NOT NULL);
INSERT INTO django_content_type VALUES(1,'admin','logentry');
INSERT INTO django_content_type VALUES(2,'auth','permission');
INSERT INTO django_content_type VALUES(3,'auth','group');
INSERT INTO django_content_type VALUES(4,'auth','user');
INSERT INTO django_content_type VALUES(5,'contenttypes','contenttype');
INSERT INTO django_content_type VALUES(6,'sessions','session');
INSERT INTO django_content_type VALUES(7,'chat','message');
CREATE TABLE IF NOT EXISTS "auth_permission" ("id" integer NOT NULL PRIMARY KEY AUTOINCREMENT, "content_type_id" integer NOT NULL REFERENCES "django_content_type" ("id") DEFERRABLE INITIALLY DEFERRED, "codename" varchar(100) NOT NULL, "name" varchar(255) NOT NULL);
INSERT INTO auth_permission VALUES(1,1,'add_logentry','Can add log entry');
INSERT INTO auth_permission VALUES(2,1,'change_logentry','Can change log entry');
INSERT INTO auth_permission VALUES(3,1,'delete_logentry','Can delete log entry');
INSERT INTO auth_permission VALUES(4,1,'view_logentry','Can view log entry');
INSERT INTO auth_permission VALUES(5,2,'add_permission','Can add permission');
INSERT INTO auth_permission VALUES(6,2,'change_permission','Can change permission');
INSERT INTO auth_permission VALUES(7,2,'delete_permission','Can delete permission');
INSERT INTO auth_permission VALUES(8,2,'view_permission','Can view permission');
INSERT INTO auth_permission VALUES(9,3,'add_group','Can add group');
INSERT INTO auth_permission VALUES(10,3,'change_group','Can change group');
INSERT INTO auth_permission VALUES(11,3,'delete_group','Can delete group');
INSERT INTO auth_permission VALUES(12,3,'view_group','Can view group');
INSERT INTO auth_permission VALUES(13,4,'add_user','Can add user');
INSERT INTO auth_permission VALUES(14,4,'change_user','Can change user');
INSERT INTO auth_permission VALUES(15,4,'delete_user','Can delete user');
INSERT INTO auth_permission VALUES(16,4,'view_user','Can view user');
INSERT INTO auth_permission VALUES(17,5,'add_contenttype','Can add content type');
INSERT INTO auth_permission VALUES(18,5,'change_contenttype','Can change content type');
INSERT INTO auth_permission VALUES(19,5,'delete_contenttype','Can delete content type');
INSERT INTO auth_permission VALUES(20,5,'view_contenttype','Can view content type');
INSERT INTO auth_permission VALUES(21,6,'add_session','Can add session');
INSERT INTO auth_permission VALUES(22,6,'change_session','Can change session');
INSERT INTO auth_permission VALUES(23,6,'delete_session','Can delete session');
INSERT INTO auth_permission VALUES(24,6,'view_session','Can view session');
INSERT INTO auth_permission VALUES(25,7,'add_message','Can add message');
INSERT INTO auth_permission VALUES(26,7,'change_message','Can change message');
INSERT INTO auth_permission VALUES(27,7,'delete_message','Can delete message');
INSERT INTO auth_permission VALUES(28,7,'view_message','Can view message');
CREATE TABLE IF NOT EXISTS "auth_group" ("id" integer NOT NULL PRIMARY KEY AUTOINCREMENT, "name" varchar(150) NOT NULL UNIQUE);
CREATE TABLE IF NOT EXISTS "auth_user" ("id" integer NOT NULL PRIMARY KEY AUTOINCREMENT, "password" varchar(128) NOT NULL, "last_login" datetime NULL, "is_superuser" bool NOT NULL, "username" varchar(150) NOT NULL UNIQUE, "last_name" varchar(150) NOT NULL, "email" varchar(254) NOT NULL, "is_staff" bool NOT NULL, "is_active" bool NOT NULL, "date_joined" datetime NOT NULL, "first_name" varchar(150) NOT NULL);
INSERT INTO auth_user VALUES(1,'pbkdf2_sha256$390000$OhiOH6SUafmD5fP7lTFcjB$hMh8PEU+CRoxw7MA+jW1lVT5HcayyyZQMuQ3WfTEbtc=','2023-03-19 09:34:32.806851',1,'admin','','admin@admin.com',1,1,'2023-03-19 09:33:31.612196','');
INSERT INTO auth_user VALUES(2,'pbkdf2_sha256$390000$WauTvvu5Y33orVMLZDryjj$hFcN9o8myvdYPhq9aw7X2200GrZPxq0JTdm1cf7+bqs=',NULL,0,'Oksana','','',0,1,'2023-03-19 10:42:59.745420','');
CREATE TABLE IF NOT EXISTS "django_session" ("session_key" varchar(40) NOT NULL PRIMARY KEY, "session_data" text NOT NULL, "expire_date" datetime NOT NULL);
INSERT INTO django_session VALUES('vc7bncf3uk5060zr4ahv5ghqtnr1ka7j','.eJxVjDsOwjAQBe_iGln-JbYp6TmDtetd4wBypDipEHeHSCmgfTPzXiLBtta0dV7SROIstDj9bgj5wW0HdId2m2We27pMKHdFHrTL60z8vBzu30GFXr91jAqNdzYH4xGhoIpjMTZiIT1EPTrlQWmvCRjRGNYGAB3RQByCZSveH9x3OB8:1pdpQu:znwIUFfNHGkwCsIJH7fdWlRF1gQer8KyKTUVZn0QnM8','2023-04-02 09:34:32.816795');
CREATE TABLE IF NOT EXISTS "chat_message" ("date_created" datetime NOT NULL, "id" char(32) NOT NULL PRIMARY KEY, "text" text NOT NULL, "author_id" integer NULL REFERENCES "auth_user" ("id") DEFERRABLE INITIALLY DEFERRED);
INSERT INTO chat_message VALUES('2023-03-19 10:06:03','1251840bb3ca41049e14ad1b27b84d55','Hello, everybody!',1);
INSERT INTO chat_message VALUES('2023-03-19 10:11:37','14888b4f6cca43039a3115949a97e704','Lorem ipsum dolor sit amet, consectetur adipiscing elit, sed do eiusmod tempor incididunt ut labore et dolore magna aliqua. Ut enim ad minim veniam, quis nostrud exercitation ullamco laboris nisi ut aliquip ex ea commodo consequat. Duis aute irure dolor in reprehenderit in voluptate velit esse cillum dolore eu fugiat nulla pariatur. Excepteur sint occaecat cupidatat non proident, sunt in culpa qui officia deserunt mollit anim id est laborum.',1);
INSERT INTO chat_message VALUES('2023-03-19 10:34:06','f427a93106c94340b8e1580fdefd3d28','Hi!',1);
INSERT INTO chat_message VALUES('2023-03-19 10:44:12','8c09404908e74aa1b4d3b03f2944f6b2','Hi, I''m Oksana!',2);
DELETE FROM sqlite_sequence;
INSERT INTO sqlite_sequence VALUES('django_migrations',19);
INSERT INTO sqlite_sequence VALUES('django_admin_log',5);
INSERT INTO sqlite_sequence VALUES('django_content_type',7);
INSERT INTO sqlite_sequence VALUES('auth_permission',28);
INSERT INTO sqlite_sequence VALUES('auth_group',0);
INSERT INTO sqlite_sequence VALUES('auth_user',2);
CREATE UNIQUE INDEX "auth_group_permissions_group_id_permission_id_0cd325b0_uniq" ON "auth_group_permissions" ("group_id", "permission_id");
CREATE INDEX "auth_group_permissions_group_id_b120cbf9" ON "auth_group_permissions" ("group_id");
CREATE INDEX "auth_group_permissions_permission_id_84c5c92e" ON "auth_group_permissions" ("permission_id");
CREATE UNIQUE INDEX "auth_user_groups_user_id_group_id_94350c0c_uniq" ON "auth_user_groups" ("user_id", "group_id");
CREATE INDEX "auth_user_groups_user_id_6a12ed8b" ON "auth_user_groups" ("user_id");
CREATE INDEX "auth_user_groups_group_id_97559544" ON "auth_user_groups" ("group_id");
CREATE UNIQUE INDEX "auth_user_user_permissions_user_id_permission_id_14a6b632_uniq" ON "auth_user_user_permissions" ("user_id", "permission_id");
CREATE INDEX "auth_user_user_permissions_user_id_a95ead1b" ON "auth_user_user_permissions" ("user_id");
CREATE INDEX "auth_user_user_permissions_permission_id_1fbb5f2c" ON "auth_user_user_permissions" ("permission_id");
CREATE INDEX "django_admin_log_content_type_id_c4bce8eb" ON "django_admin_log" ("content_type_id");
CREATE INDEX "django_admin_log_user_id_c564eba6" ON "django_admin_log" ("user_id");
CREATE UNIQUE INDEX "django_content_type_app_label_model_76bd3d3b_uniq" ON "django_content_type" ("app_label", "model");
CREATE UNIQUE INDEX "auth_permission_content_type_id_codename_01ab375a_uniq" ON "auth_permission" ("content_type_id", "codename");
CREATE INDEX "auth_permission_content_type_id_2f476e4b" ON "auth_permission" ("content_type_id");
CREATE INDEX "django_session_expire_date_a5c62663" ON "django_session" ("expire_date");
CREATE INDEX "chat_message_author_id_923569d5" ON "chat_message" ("author_id");
COMMIT;
